{
  "model": "TF-IDF + LogisticRegression",
  "accuracy": 0.8527918781725888,
  "macro_f1": 0.7653146726218114,
  "per_class_f1": {
    "bug": 0.8989663221073692,
    "feature": 0.8311688311688312,
    "docs": 0.861244019138756,
    "question": 0.46987951807228917
  },
  "latency_ms": 0.01312740989672154,
  "cost_usd": 0.0
}