{
  "model": "RoBERTa-base (Frozen 6 layers)",
  "accuracy": 0.877326565143824,
  "macro_f1": 0.7994570018702176,
  "per_class_f1": {
    "bug": 0.917864476386037,
    "feature": 0.8850855745721271,
    "docs": 0.8878357030015798,
    "question": 0.5070422535211268
  },
  "latency_ms": 130.12746320037988,
  "cost_usd": 0.0
}